id_usuario,id_comida,clasificacion
1,1,5
1,2,5
1,3,5
1,4,5
1,5,5
1,6,5
1,8,5
1,9,1
1,10,5
1,12,5
1,13,4
1,14,4
1,15,3
1,16,4
1,17,3
1,18,4
1,19,4
1,20,5
1,21,3
1,22,5
1,23,5
1,24,3
1,25,5
1,26,5
1,25,3
1,26,3
1,27,2
1,28,3
1,29,3
1,30,3
1,31,3
1,32,3
1,33,2
1,34,4
1,35,4
1,36,4
1,37,3
1,38,3
1,39,2
1,40,2
1,41,3
1,42,3
1,43,2
1,44,3
1,45,2
1,46,3
1,47,3
1,48,3
1,49,3
1,50,3
1,51,3
1,52,3
1,53,2
1,54,4
1,55,3
1,56,3
1,57,4
1,58,3
1,59,3
1,60,3
1,61,2
1,62,3
1,63,3
1,64,3
1,65,4
1,66,3
1,67,5
1,68,3
1,69,3
1,70,3
1,71,2
1,72,4
1,73,3
1,74,3
1,75,3
1,76,2
1,77,3
1,78,3
1,79,3
1,80,3
1,81,3
1,82,4
1,83,3
1,84,3
1,85,4
1,86,3
1,87,3
1,88,3
1,89,3
1,90,3
1,91,4
1,92,3
1,93,2
1,94,3
2,1,5
2,2,5
2,3,5
2,5,5
2,6,5
2,8,5
2,9,5
2,10,4
2,11,5
2,13,4
2,14,5
2,15,5
2,16,5
2,18,5
2,19,5
2,20,5
2,21,4
2,22,5
2,23,5
2,24,5
2,25,5
2,26,5
2,23,3
2,24,4
2,25,3
2,26,3
2,27,3
2,28,3
2,29,2
2,30,3
2,31,2
2,32,3
2,33,3
2,34,4
2,35,3
2,36,3
2,37,3
2,38,2
2,39,3
2,40,4
2,41,2
2,42,3
2,43,3
2,44,3
2,45,2
2,46,2
2,47,3
2,48,3
2,49,3
2,50,3
2,51,3
2,52,3
2,53,3
2,54,3
2,55,4
2,56,3
2,57,2
2,58,3
2,59,3
2,60,3
2,61,4
2,62,3
2,63,3
2,64,3
2,65,3
2,66,4
2,67,3
2,68,3
2,69,3
2,70,3
2,71,3
2,72,3
2,73,3
2,74,3
2,75,3
2,76,4
2,77,3
2,78,4
2,79,3
2,80,3
2,81,2
2,82,3
2,83,3
2,84,3
2,85,3
2,86,3
2,87,3
2,88,2
2,89,3
2,90,3
2,91,3
2,92,2
2,93,3
2,94,3
3,1,4
3,2,5
3,3,3
3,4,4
3,6,2
3,8,2
3,9,1
3,10,4
3,11,5
3,12,5
3,13,3
3,14,4
3,15,4
3,16,5
3,18,5
3,19,2
3,20,5
3,22,5
3,23,4
3,24,5
3,25,1
3,22,2
3,23,3
3,24,3
3,25,3
3,26,3
3,27,2
3,28,3
3,29,3
3,30,3
3,31,3
3,32,3
3,33,4
3,34,3
3,35,3
3,36,2
3,37,4
3,38,4
3,39,4
3,40,3
3,41,3
3,42,3
3,43,4
3,44,3
3,45,3
3,46,2
3,47,3
3,48,4
3,49,3
3,50,3
3,51,3
3,52,2
3,53,3
3,54,4
3,55,3
3,56,4
3,57,2
3,58,4
3,59,3
3,60,2
3,61,3
3,62,4
3,63,3
3,64,3
3,65,2
3,66,3
3,67,2
3,68,2
3,69,4
3,70,4
3,71,3
3,72,3
3,73,3
3,74,4
3,75,3
3,76,3
3,77,3
3,78,3
3,79,3
3,80,3
3,81,2
3,82,4
3,83,3
3,84,4
3,85,3
3,86,3
3,87,3
3,88,3
3,89,3
3,90,3
3,91,3
3,92,3
3,93,3
3,94,3
4,1,5
4,2,5
4,3,5
4,4,5
4,5,5
4,7,5
4,8,5
4,9,5
4,10,5
4,11,5
4,12,5
4,13,5
4,14,5
4,15,3
4,16,5
4,17,5
4,18,5
4,19,5
4,20,5
4,22,5
4,24,5
4,25,5
4,26,5
4,24,3
4,25,3
4,26,3
4,27,3
4,28,4
4,29,2
4,30,2
4,31,4
4,32,3
4,33,3
4,34,3
4,35,3
4,36,3
4,37,3
4,38,3
4,39,3
4,40,3
4,41,3
4,42,3
4,43,3
4,44,3
4,45,3
4,46,3
4,47,3
4,48,3
4,49,3
4,50,3
4,51,2
4,52,2
4,53,3
4,54,3
4,55,3
4,56,4
4,57,3
4,58,3
4,59,3
4,60,2
4,61,3
4,62,3
4,63,3
4,64,3
4,65,3
4,66,4
4,67,3
4,68,3
4,69,3
4,70,3
4,71,3
4,72,3
4,73,3
4,74,3
4,75,3
4,76,3
4,77,4
4,78,3
4,79,4
4,80,3
4,81,3
4,82,3
4,83,4
4,84,3
4,85,3
4,86,3
4,87,2
4,88,3
4,89,3
4,90,3
4,91,3
4,92,4
4,93,3
4,94,3
5,1,5
5,2,5
5,3,5
5,4,4
5,5,5
5,7,5
5,8,4
5,9,4
5,10,3
5,11,4
5,12,2
5,13,2
5,14,4
5,15,3
5,16,4
5,17,4
5,18,5
5,19,5
5,20,5
5,21,4
5,22,5
5,23,4
5,24,4
5,26,4
5,25,4
5,26,4
5,27,3
5,28,3
5,29,3
5,30,4
5,31,3
5,32,4
5,33,3
5,34,4
5,35,4
5,36,3
5,37,2
5,38,3
5,39,4
5,40,3
5,41,3
5,42,3
5,43,2
5,44,4
5,45,3
5,46,3
5,47,3
5,48,2
5,49,3
5,50,4
5,51,3
5,52,3
5,53,3
5,54,3
5,55,3
5,56,2
5,57,3
5,58,3
5,59,4
5,60,2
5,61,3
5,62,3
5,63,2
5,64,3
5,65,3
5,66,3
5,67,4
5,68,3
5,69,3
5,70,3
5,71,3
5,72,3
5,73,2
5,74,3
5,75,3
5,76,2
5,77,3
5,78,3
5,79,3
5,80,4
5,81,3
5,82,3
5,83,3
5,84,3
5,85,3
5,86,2
5,87,4
5,88,3
5,89,3
5,90,2
5,91,3
5,92,3
5,93,3
5,94,3
6,1,4
6,2,4
6,3,4
6,4,5
6,5,3
6,6,5
6,7,2
6,8,3
6,9,3
6,10,5
6,11,5
6,12,5
6,13,5
6,14,2
6,15,1
6,17,1
6,18,3
6,20,4
6,21,2
6,22,4
6,23,3
6,24,2
6,25,3
6,26,5
6,25,3
6,26,3
6,27,3
6,28,3
6,29,3
6,30,3
6,31,3
6,32,3
6,33,3
6,34,3
6,35,3
6,36,3
6,37,3
6,38,3
6,39,3
6,40,3
6,41,2
6,42,3
6,43,3
6,44,3
6,45,3
6,46,2
6,47,2
6,48,3
6,49,3
6,50,3
6,51,3
6,52,2
6,53,3
6,54,2
6,55,3
6,56,3
6,57,3
6,58,3
6,59,4
6,60,3
6,61,3
6,62,2
6,63,3
6,64,4
6,65,2
6,66,3
6,67,3
6,68,3
6,69,3
6,70,3
6,71,3
6,72,3
6,73,4
6,74,3
6,75,3
6,76,3
6,77,3
6,78,3
6,79,3
6,80,3
6,81,3
6,82,4
6,83,3
6,84,3
6,85,4
6,86,3
6,87,2
6,88,2
6,89,2
6,90,3
6,91,3
6,92,4
6,93,3
6,94,3
7,1,4
7,2,3
7,3,4
7,4,5
7,5,5
7,6,3
7,7,4
7,8,4
7,10,5
7,11,5
7,12,5
7,14,4
7,15,2
7,17,5
7,18,4
7,19,4
7,20,5
7,21,5
7,22,5
7,23,5
7,24,5
7,25,5
7,26,5
7,24,3
7,25,3
7,26,3
7,27,4
7,28,4
7,29,2
7,30,3
7,31,2
7,32,3
7,33,3
7,34,3
7,35,3
7,36,2
7,37,3
7,38,4
7,39,3
7,40,3
7,41,4
7,42,3
7,43,3
7,44,3
7,45,3
7,46,2
7,47,2
7,48,4
7,49,3
7,50,3
7,51,3
7,52,3
7,53,4
7,54,3
7,55,3
7,56,3
7,57,4
7,58,3
7,59,3
7,60,2
7,61,3
7,62,3
7,63,4
7,64,3
7,65,2
7,66,3
7,67,2
7,68,3
7,69,3
7,70,2
7,71,3
7,72,3
7,73,4
7,74,2
7,75,2
7,76,3
7,77,3
7,78,3
7,79,3
7,80,3
7,81,3
7,82,3
7,83,3
7,84,3
7,85,3
7,86,3
7,87,4
7,88,2
7,89,4
7,90,2
7,91,2
7,92,2
7,93,2
7,94,3
8,1,5
8,2,5
8,3,5
8,4,4
8,5,5
8,6,5
8,7,5
8,8,4
8,10,5
8,11,5
8,12,5
8,13,5
8,14,4
8,15,3
8,16,2
8,17,5
8,18,5
8,19,5
8,21,2
8,22,5
8,23,5
8,25,5
8,26,5
8,24,1
8,25,2
8,26,2
8,27,2
8,28,3
8,29,2
8,30,1
8,31,1
8,32,2
8,33,1
8,34,3
8,35,1
8,36,3
8,37,2
8,38,2
8,39,2
8,40,2
8,41,2
8,42,3
8,43,2
8,44,2
8,45,2
8,46,2
8,47,2
8,48,1
8,49,1
8,50,2
8,51,2
8,52,2
8,53,2
8,54,2
8,55,2
8,56,2
8,57,2
8,58,2
8,59,2
8,60,1
8,61,3
8,62,2
8,63,2
8,64,2
8,65,3
8,66,3
8,67,1
8,68,1
8,69,2
8,70,2
8,71,2
8,72,2
8,73,2
8,74,2
8,75,2
8,76,1
8,77,2
8,78,1
8,79,2
8,80,3
8,81,2
8,82,3
8,83,2
8,84,2
8,85,2
8,86,2
8,87,2
8,88,2
8,89,3
8,90,2
8,91,3
8,92,2
8,93,2
8,94,3
9,1,2
9,2,4
9,3,5
9,4,2
9,5,5
9,6,5
9,7,5
9,8,5
9,9,5
9,10,3
9,11,2
9,12,3
9,13,1
9,14,2
9,16,4
9,17,5
9,18,4
9,19,2
9,20,5
9,21,3
9,22,5
9,23,5
9,24,3
9,25,3
9,26,5
9,26,3
9,27,3
9,28,3
9,29,2
9,30,3
9,31,2
9,32,4
9,33,3
9,34,3
9,35,3
9,36,2
9,37,3
9,38,4
9,39,3
9,40,3
9,41,2
9,42,3
9,43,3
9,44,3
9,45,4
9,46,3
9,47,3
9,48,2
9,49,3
9,50,3
9,51,2
9,52,2
9,53,3
9,54,3
9,55,3
9,56,3
9,57,2
9,58,2
9,59,2
9,60,2
9,61,2
9,62,3
9,63,3
9,64,3
9,65,4
9,66,3
9,67,4
9,68,4
9,69,2
9,70,3
9,71,3
9,72,3
9,73,3
9,74,3
9,75,3
9,76,3
9,77,3
9,78,2
9,79,3
9,80,4
9,81,3
9,82,3
9,83,3
9,84,3
9,85,4
9,86,3
9,87,3
9,88,3
9,89,3
9,90,3
9,91,3
9,92,4
9,93,3
9,94,3
10,1,5
10,2,5
10,3,5
10,5,5
10,6,5
10,7,5
10,8,5
10,9,5
10,10,5
10,12,5
10,13,5
10,14,5
10,15,5
10,16,5
10,17,5
10,18,5
10,19,5
10,20,5
10,21,5
10,22,5
10,23,5
10,24,5
10,4,5
10,11,3
10,25,3
10,26,3
10,27,4
10,28,3
10,29,3
10,30,3
10,31,3
10,32,4
10,33,3
10,34,3
10,35,2
10,36,3
10,37,3
10,38,4
10,39,3
10,40,3
10,41,3
10,42,4
10,43,3
10,44,3
10,45,3
10,46,3
10,47,3
10,48,3
10,49,4
10,50,2
10,51,3
10,52,3
10,53,4
10,54,2
10,55,3
10,56,3
10,57,4
10,58,3
10,59,3
10,60,4
10,61,2
10,62,2
10,63,3
10,64,3
10,65,2
10,66,3
10,67,3
10,68,3
10,69,2
10,70,3
10,71,3
10,72,3
10,73,4
10,74,2
10,75,2
10,76,3
10,77,3
10,78,3
10,79,3
10,80,3
10,81,2
10,82,4
10,83,3
10,84,4
10,85,3
10,86,3
10,87,3
10,88,3
10,89,3
10,90,4
10,91,3
10,92,3
10,93,3
10,94,4
11,1,2
11,2,2
11,3,1
11,4,2
11,5,2
11,6,2
11,7,1
11,8,2
11,9,2
11,10,2
11,11,2
11,12,2
11,13,2
11,14,2
11,15,3
11,16,2
11,17,3
11,18,1
11,19,2
11,20,2
11,21,2
11,22,2
11,23,2
11,24,2
11,25,3
11,26,2
11,27,2
11,28,3
11,29,2
11,30,2
11,31,2
11,32,2
11,33,2
11,34,2
11,35,2
11,36,1
11,37,2
11,38,2
11,39,2
11,40,2
11,41,2
11,42,2
11,43,3
11,44,2
11,45,2
11,46,2
11,47,2
11,48,3
11,49,2
11,50,2
11,51,2
11,52,3
11,53,2
11,54,3
11,55,2
11,56,2
11,57,1
11,58,2
11,59,2
11,60,3
11,61,3
11,62,2
11,63,2
11,64,2
11,65,1
11,66,2
11,67,2
11,68,2
11,69,3
11,70,2
11,71,2
11,72,2
11,73,1
11,74,2
11,75,1
11,76,3
11,77,2
11,78,3
11,79,1
11,80,2
11,81,2
11,82,2
11,83,2
11,84,1
11,85,3
11,86,2
11,87,2
11,88,2
11,89,2
11,90,2
11,91,1
11,92,2
11,93,2
11,94,3
12,1,4
12,2,2
12,3,3
12,4,2
12,5,2
12,6,4
12,7,3
12,8,3
12,9,3
12,10,3
12,11,3
12,12,2
12,13,3
12,14,3
12,15,2
12,16,3
12,17,4
12,18,3
12,19,3
12,20,3
12,21,3
12,22,4
12,23,3
12,24,3
12,25,4
12,26,3
12,27,3
12,28,3
12,29,3
12,30,3
12,31,3
12,32,3
12,33,3
12,34,3
12,35,3
12,36,2
12,37,3
12,38,3
12,39,3
12,40,2
12,41,4
12,42,3
12,43,4
12,44,2
12,45,3
12,46,2
12,47,3
12,48,4
12,49,3
12,50,3
12,51,3
12,52,3
12,53,3
12,54,3
12,55,4
12,56,3
12,57,3
12,58,4
12,59,4
12,60,4
12,61,3
12,62,2
12,63,4
12,64,2
12,65,3
12,66,3
12,67,3
12,68,3
12,69,3
12,70,3
12,71,4
12,72,3
12,73,3
12,74,3
12,75,4
12,76,2
12,77,3
12,78,3
12,79,3
12,80,4
12,81,3
12,82,3
12,83,3
12,84,3
12,85,2
12,86,2
12,87,4
12,88,3
12,89,3
12,90,2
12,91,3
12,92,2
12,93,4
12,94,4
13,1,2
13,2,3
13,3,3
13,4,4
13,5,3
13,6,3
13,7,2
13,8,2
13,9,4
13,10,2
13,11,4
13,12,3
13,13,3
13,14,3
13,15,3
13,16,3
13,17,3
13,18,3
13,19,3
13,20,3
13,21,3
13,22,3
13,23,3
13,24,3
13,25,2
13,26,3
13,27,4
13,28,3
13,29,3
13,30,2
13,31,3
13,32,3
13,33,3
13,34,3
13,35,4
13,36,3
13,37,3
13,38,3
13,39,4
13,40,3
13,41,3
13,42,3
13,43,3
13,44,3
13,45,4
13,46,3
13,47,3
13,48,3
13,49,3
13,50,2
13,51,4
13,52,3
13,53,3
13,54,3
13,55,3
13,56,3
13,57,3
13,58,3
13,59,4
13,60,3
13,61,3
13,62,3
13,63,4
13,64,2
13,65,3
13,66,3
13,67,3
13,68,3
13,69,4
13,70,4
13,71,2
13,72,3
13,73,4
13,74,2
13,75,3
13,76,3
13,77,3
13,78,3
13,79,2
13,80,2
13,81,3
13,82,4
13,83,3
13,84,3
13,85,2
13,86,3
13,87,2
13,88,3
13,89,3
13,90,3
13,91,3
13,92,3
13,93,3
13,94,3
14,1,3
14,2,3
14,3,2
14,4,3
14,5,4
14,6,2
14,7,4
14,8,3
14,9,3
14,10,3
14,11,3
14,12,3
14,13,3
14,14,3
14,15,3
14,16,2
14,17,3
14,18,3
14,19,3
14,20,4
14,21,4
14,22,3
14,23,2
14,24,3
14,25,4
14,26,3
14,27,4
14,28,3
14,29,3
14,30,3
14,31,3
14,32,3
14,33,3
14,34,3
14,35,3
14,36,2
14,37,2
14,38,3
14,39,2
14,40,2
14,41,3
14,42,4
14,43,3
14,44,3
14,45,3
14,46,3
14,47,3
14,48,3
14,49,3
14,50,3
14,51,3
14,52,3
14,53,3
14,54,3
14,55,3
14,56,3
14,57,3
14,58,3
14,59,4
14,60,3
14,61,3
14,62,3
14,63,4
14,64,3
14,65,3
14,66,2
14,67,2
14,68,3
14,69,3
14,70,3
14,71,3
14,72,3
14,73,3
14,74,3
14,75,3
14,76,2
14,77,3
14,78,3
14,79,2
14,80,3
14,81,4
14,82,4
14,83,3
14,84,4
14,85,3
14,86,3
14,87,3
14,88,3
14,89,3
14,90,3
14,91,3
14,92,3
14,93,3
14,94,4
15,1,3
15,2,4
15,3,2
15,4,3
15,5,3
15,6,3
15,7,3
15,8,2
15,9,4
15,10,3
15,11,3
15,12,3
15,13,3
15,14,3
15,15,3
15,16,3
15,17,3
15,18,3
15,19,3
15,20,2
15,21,3
15,22,3
15,23,2
15,24,4
15,25,2
15,26,3
15,27,4
15,28,3
15,29,2
15,30,3
15,31,3
15,32,2
15,33,3
15,34,3
15,35,4
15,36,2
15,37,2
15,38,3
15,39,3
15,40,3
15,41,4
15,42,4
15,43,3
15,44,3
15,45,3
15,46,3
15,47,2
15,48,3
15,49,3
15,50,4
15,51,3
15,52,3
15,53,3
15,54,3
15,55,3
15,56,4
15,57,3
15,58,2
15,59,3
15,60,4
15,61,3
15,62,3
15,63,3
15,64,3
15,65,3
15,66,3
15,67,3
15,68,4
15,69,2
15,70,3
15,71,3
15,72,3
15,73,3
15,74,4
15,75,3
15,76,3
15,77,4
15,78,4
15,79,3
15,80,3
15,81,3
15,82,3
15,83,3
15,84,3
15,85,3
15,86,2
15,87,2
15,88,2
15,89,3
15,90,3
15,91,3
15,92,3
15,93,3
15,94,3
16,1,3
16,2,3
16,3,3
16,4,3
16,5,3
16,6,4
16,7,3
16,8,3
16,9,3
16,10,4
16,11,3
16,12,2
16,13,3
16,14,3
16,15,3
16,16,3
16,17,4
16,18,3
16,19,3
16,20,4
16,21,3
16,22,4
16,23,3
16,24,2
16,25,3
16,26,3
16,27,4
16,28,3
16,29,3
16,30,2
16,31,3
16,32,3
16,33,3
16,34,3
16,35,4
16,36,3
16,37,2
16,38,3
16,39,4
16,40,3
16,41,3
16,42,3
16,43,3
16,44,3
16,45,3
16,46,3
16,47,3
16,48,3
16,49,3
16,50,3
16,51,4
16,52,3
16,53,3
16,54,3
16,55,2
16,56,2
16,57,2
16,58,4
16,59,3
16,60,4
16,61,3
16,62,3
16,63,4
16,64,4
16,65,4
16,66,4
16,67,4
16,68,3
16,69,3
16,70,3
16,71,3
16,72,3
16,73,3
16,74,3
16,75,3
16,76,3
16,77,3
16,78,4
16,79,2
16,80,3
16,81,3
16,82,2
16,83,3
16,84,3
16,85,4
16,86,3
16,87,2
16,88,4
16,89,4
16,90,3
16,91,3
16,92,3
16,93,3
16,94,4
17,1,2
17,2,3
17,3,2
17,4,2
17,5,3
17,6,3
17,7,2
17,8,3
17,9,4
17,10,3
17,11,3
17,12,3
17,13,3
17,14,4
17,15,2
17,16,3
17,17,3
17,18,3
17,19,2
17,20,3
17,21,3
17,22,3
17,23,3
17,24,2
17,25,3
17,26,3
17,27,3
17,28,3
17,29,3
17,30,3
17,31,3
17,32,3
17,33,3
17,34,3
17,35,3
17,36,4
17,37,3
17,38,3
17,39,3
17,40,2
17,41,2
17,42,2
17,43,3
17,44,3
17,45,3
17,46,3
17,47,3
17,48,3
17,49,3
17,50,3
17,51,2
17,52,3
17,53,2
17,54,4
17,55,3
17,56,3
17,57,3
17,58,3
17,59,3
17,60,3
17,61,3
17,62,3
17,63,4
17,64,4
17,65,3
17,66,3
17,67,3
17,68,4
17,69,3
17,70,3
17,71,2
17,72,3
17,73,3
17,74,4
17,75,4
17,76,2
17,77,3
17,78,3
17,79,4
17,80,3
17,81,3
17,82,3
17,83,3
17,84,3
17,85,3
17,86,3
17,87,4
17,88,3
17,89,2
17,90,3
17,91,3
17,92,3
17,93,3
17,94,3
18,1,4
18,2,4
18,3,4
18,4,5
18,5,4
18,6,4
18,7,4
18,8,5
18,9,4
18,10,3
18,11,4
18,12,4
18,13,5
18,14,5
18,15,4
18,16,5
18,17,4
18,18,4
18,19,4
18,20,4
18,21,4
18,22,5
18,23,4
18,24,4
18,25,4
18,26,4
18,27,5
18,28,3
18,29,4
18,30,5
18,31,4
18,32,4
18,33,3
18,34,4
18,35,4
18,36,4
18,37,5
18,38,5
18,39,4
18,40,4
18,41,4
18,42,4
18,43,4
18,44,4
18,45,4
18,46,5
18,47,3
18,48,5
18,49,5
18,50,4
18,51,3
18,52,4
18,53,5
18,54,4
18,55,4
18,56,4
18,57,4
18,58,4
18,59,4
18,60,4
18,61,4
18,62,4
18,63,5
18,64,4
18,65,5
18,66,5
18,67,4
18,68,4
18,69,4
18,70,4
18,71,4
18,72,4
18,73,3
18,74,5
18,75,4
18,76,4
18,77,4
18,78,4
18,79,4
18,80,4
18,81,4
18,82,3
18,83,4
18,84,5
18,85,3
18,86,4
18,87,4
18,88,4
18,89,4
18,90,4
18,91,4
18,92,5
18,93,4
18,94,4
19,1,3
19,2,3
19,3,2
19,4,2
19,5,3
19,6,4
19,7,3
19,8,3
19,9,3
19,10,3
19,11,3
19,12,3
19,13,3
19,14,3
19,15,3
19,16,3
19,17,3
19,18,3
19,19,3
19,20,3
19,21,3
19,22,3
19,23,3
19,24,3
19,25,2
19,26,3
19,27,2
19,28,3
19,29,4
19,30,3
19,31,3
19,32,3
19,33,3
19,34,3
19,35,3
19,36,3
19,37,3
19,38,3
19,39,3
19,40,3
19,41,3
19,42,4
19,43,3
19,44,3
19,45,3
19,46,4
19,47,2
19,48,3
19,49,4
19,50,3
19,51,3
19,52,3
19,53,4
19,54,2
19,55,4
19,56,4
19,57,2
19,58,3
19,59,3
19,60,3
19,61,3
19,62,2
19,63,3
19,64,3
19,65,4
19,66,3
19,67,4
19,68,3
19,69,3
19,70,3
19,71,3
19,72,2
19,73,3
19,74,2
19,75,3
19,76,2
19,77,3
19,78,3
19,79,3
19,80,3
19,81,4
19,82,3
19,83,3
19,84,4
19,85,3
19,86,3
19,87,3
19,88,3
19,89,3
19,90,3
19,91,3
19,92,2
19,93,3
19,94,4
20,1,4
20,2,3
20,3,3
20,4,3
20,5,4
20,6,4
20,7,3
20,8,4
20,9,4
20,10,4
20,11,5
20,12,4
20,13,4
20,14,4
20,15,3
20,16,4
20,17,4
20,18,4
20,19,4
20,20,4
20,21,4
20,22,4
20,23,4
20,24,4
20,25,3
20,26,5
20,27,4
20,28,4
20,29,4
20,30,4
20,31,4
20,32,4
20,33,4
20,34,4
20,35,3
20,36,4
20,37,4
20,38,4
20,39,4
20,40,3
20,41,4
20,42,4
20,43,4
20,44,3
20,45,5
20,46,4
20,47,4
20,48,4
20,49,4
20,50,5
20,51,3
20,52,4
20,53,5
20,54,4
20,55,5
20,56,4
20,57,4
20,58,4
20,59,4
20,60,4
20,61,4
20,62,3
20,63,5
20,64,3
20,65,5
20,66,5
20,67,3
20,68,4
20,69,3
20,70,4
20,71,4
20,72,4
20,73,5
20,74,5
20,75,4
20,76,4
20,77,3
20,78,4
20,79,4
20,80,5
20,81,3
20,82,4
20,83,4
20,84,4
20,85,4
20,86,4
20,87,4
20,88,4
20,89,4
20,90,4
20,91,4
20,92,4
20,93,4
20,94,4
21,1,1
21,2,2
21,3,2
21,4,2
21,5,2
21,6,2
21,7,1
21,8,1
21,9,2
21,10,1
21,11,2
21,12,1
21,13,3
21,14,2
21,15,2
21,16,3
21,17,1
21,18,2
21,19,1
21,20,2
21,21,2
21,22,2
21,23,2
21,24,1
21,25,2
21,26,1
21,27,2
21,28,3
21,29,2
21,30,2
21,31,3
21,32,3
21,33,2
21,34,1
21,35,2
21,36,2
21,37,1
21,38,2
21,39,2
21,40,3
21,41,2
21,42,2
21,43,2
21,44,2
21,45,2
21,46,1
21,47,2
21,48,2
21,49,2
21,50,3
21,51,1
21,52,2
21,53,2
21,54,2
21,55,2
21,56,1
21,57,3
21,58,2
21,59,3
21,60,2
21,61,2
21,62,3
21,63,3
21,64,2
21,65,2
21,66,3
21,67,3
21,68,2
21,69,3
21,70,2
21,71,2
21,72,3
21,73,2
21,74,2
21,75,3
21,76,2
21,77,2
21,78,2
21,79,2
21,80,2
21,81,2
21,82,2
21,83,2
21,84,2
21,85,2
21,86,3
21,87,2
21,88,2
21,89,2
21,90,2
21,91,2
21,92,2
21,93,1
21,94,1
22,1,2
22,2,2
22,3,1
22,4,2
22,5,2
22,6,2
22,7,2
22,8,2
22,9,1
22,10,2
22,11,2
22,12,2
22,13,2
22,14,2
22,15,2
22,16,1
22,17,2
22,18,1
22,19,2
22,20,2
22,21,3
22,22,1
22,23,1
22,24,2
22,25,3
22,26,3
22,27,2
22,28,2
22,29,2
22,30,2
22,31,2
22,32,2
22,33,3
22,34,3
22,35,2
22,36,2
22,37,2
22,38,1
22,39,2
22,40,2
22,41,2
22,42,2
22,43,2
22,44,3
22,45,2
22,46,2
22,47,2
22,48,2
22,49,2
22,50,2
22,51,2
22,52,2
22,53,1
22,54,2
22,55,2
22,56,2
22,57,2
22,58,2
22,59,2
22,60,2
22,61,2
22,62,2
22,63,2
22,64,2
22,65,1
22,66,2
22,67,3
22,68,2
22,69,2
22,70,3
22,71,2
22,72,2
22,73,2
22,74,2
22,75,2
22,76,3
22,77,2
22,78,2
22,79,2
22,80,2
22,81,1
22,82,1
22,83,2
22,84,1
22,85,2
22,86,2
22,87,2
22,88,3
22,89,2
22,90,2
22,91,2
22,92,1
22,93,3
22,94,2
23,1,3
23,2,4
23,3,3
23,4,3
23,5,4
23,6,3
23,7,4
23,8,2
23,9,4
23,10,3
23,11,3
23,12,3
23,13,3
23,14,2
23,15,2
23,16,3
23,17,2
23,18,2
23,19,3
23,20,2
23,21,3
23,22,2
23,23,3
23,24,3
23,25,3
23,26,3
23,27,4
23,28,3
23,29,4
23,30,3
23,31,3
23,32,4
23,33,3
23,34,3
23,35,3
23,36,3
23,37,2
23,38,3
23,39,3
23,40,2
23,41,3
23,42,3
23,43,2
23,44,3
23,45,3
23,46,3
23,47,3
23,48,3
23,49,4
23,50,3
23,51,3
23,52,3
23,53,3
23,54,3
23,55,3
23,56,3
23,57,3
23,58,3
23,59,3
23,60,3
23,61,3
23,62,4
23,63,3
23,64,3
23,65,2
23,66,4
23,67,2
23,68,3
23,69,3
23,70,3
23,71,3
23,72,2
23,73,3
23,74,3
23,75,2
23,76,3
23,77,3
23,78,3
23,79,3
23,80,2
23,81,3
23,82,3
23,83,3
23,84,3
23,85,4
23,86,2
23,87,3
23,88,3
23,89,3
23,90,2
23,91,3
23,92,3
23,93,3
23,94,3
24,1,4
24,2,2
24,3,3
24,4,3
24,5,3
24,6,3
24,7,3
24,8,3
24,9,4
24,10,3
24,11,3
24,12,2
24,13,3
24,14,3
24,15,4
24,16,3
24,17,3
24,18,3
24,19,2
24,20,3
24,21,3
24,22,3
24,23,3
24,24,3
24,25,3
24,26,3
24,27,4
24,28,3
24,29,3
24,30,3
24,31,3
24,32,3
24,33,3
24,34,4
24,35,4
24,36,3
24,37,2
24,38,4
24,39,3
24,40,3
24,41,2
24,42,3
24,43,2
24,44,3
24,45,3
24,46,3
24,47,3
24,48,3
24,49,3
24,50,3
24,51,4
24,52,2
24,53,4
24,54,3
24,55,3
24,56,2
24,57,3
24,58,3
24,59,3
24,60,4
24,61,2
24,62,3
24,63,2
24,64,3
24,65,3
24,66,3
24,67,2
24,68,3
24,69,3
24,70,3
24,71,4
24,72,2
24,73,3
24,74,4
24,75,2
24,76,3
24,77,3
24,78,3
24,79,3
24,80,3
24,81,3
24,82,3
24,83,2
24,84,2
24,85,3
24,86,2
24,87,3
24,88,3
24,89,2
24,90,3
24,91,4
24,92,3
24,93,3
24,94,3
25,1,4
25,2,2
25,3,3
25,4,3
25,5,4
25,6,3
25,7,3
25,8,3
25,9,3
25,10,3
25,11,2
25,12,3
25,13,3
25,14,3
25,15,3
25,16,3
25,17,2
25,18,3
25,19,4
25,20,3
25,21,3
25,22,3
25,23,4
25,24,3
25,25,3
25,26,3
25,27,3
25,28,3
25,29,2
25,30,2
25,31,4
25,32,3
25,33,3
25,34,3
25,35,2
25,36,3
25,37,3
25,38,3
25,39,3
25,40,4
25,41,3
25,42,3
25,43,3
25,44,2
25,45,3
25,46,4
25,47,4
25,48,3
25,49,3
25,50,3
25,51,3
25,52,4
25,53,3
25,54,3
25,55,2
25,56,2
25,57,3
25,58,3
25,59,3
25,60,3
25,61,4
25,62,4
25,63,3
25,64,3
25,65,2
25,66,2
25,67,4
25,68,2
25,69,4
25,70,3
25,71,3
25,72,3
25,73,3
25,74,3
25,75,4
25,76,3
25,77,3
25,78,3
25,79,3
25,80,3
25,81,4
25,82,4
25,83,2
25,84,3
25,85,4
25,86,3
25,87,3
25,88,3
25,89,3
25,90,2
25,91,2
25,92,3
25,93,4
25,94,3
26,1,3
26,2,4
26,3,3
26,4,4
26,5,4
26,6,3
26,7,4
26,8,3
26,9,4
26,10,4
26,11,4
26,12,4
26,13,4
26,14,4
26,15,5
26,16,5
26,17,3
26,18,4
26,19,4
26,20,3
26,21,4
26,22,5
26,23,3
26,24,4
26,25,5
26,26,4
26,27,4
26,28,4
26,29,4
26,30,3
26,31,5
26,32,5
26,33,4
26,34,4
26,35,3
26,36,4
26,37,4
26,38,4
26,39,5
26,40,4
26,41,4
26,42,3
26,43,4
26,44,4
26,45,4
26,46,4
26,47,4
26,48,4
26,49,4
26,50,3
26,51,5
26,52,5
26,53,3
26,54,4
26,55,4
26,56,4
26,57,4
26,58,4
26,59,4
26,60,4
26,61,4
26,62,4
26,63,4
26,64,4
26,65,4
26,66,5
26,67,4
26,68,4
26,69,4
26,70,4
26,71,4
26,72,4
26,73,4
26,74,3
26,75,4
26,76,4
26,77,4
26,78,4
26,79,4
26,80,4
26,81,5
26,82,5
26,83,4
26,84,3
26,85,4
26,86,4
26,87,4
26,88,5
26,89,3
26,90,4
26,91,4
26,92,5
26,93,5
26,94,4
27,1,4
27,2,3
27,3,4
27,4,4
27,5,4
27,6,4
27,7,4
27,8,4
27,9,5
27,10,3
27,11,4
27,12,4
27,13,4
27,14,3
27,15,4
27,16,4
27,17,4
27,18,4
27,19,3
27,20,3
27,21,4
27,22,3
27,23,3
27,24,4
27,25,5
27,26,4
27,27,4
27,28,5
27,29,3
27,30,3
27,31,4
27,32,4
27,33,5
27,34,3
27,35,3
27,36,4
27,37,4
27,38,4
27,39,4
27,40,4
27,41,4
27,42,5
27,43,3
27,44,4
27,45,4
27,46,4
27,47,3
27,48,4
27,49,4
27,50,5
27,51,4
27,52,4
27,53,4
27,54,4
27,55,4
27,56,3
27,57,3
27,58,4
27,59,4
27,60,4
27,61,4
27,62,4
27,63,4
27,64,4
27,65,3
27,66,5
27,67,5
27,68,3
27,69,5
27,70,5
27,71,4
27,72,3
27,73,5
27,74,4
27,75,4
27,76,5
27,77,4
27,78,4
27,79,4
27,80,4
27,81,4
27,82,4
27,83,4
27,84,3
27,85,4
27,86,4
27,87,3
27,88,4
27,89,4
27,90,4
27,91,5
27,92,4
27,93,3
27,94,4
28,1,2
28,2,3
28,3,2
28,4,2
28,5,2
28,6,3
28,7,3
28,8,2
28,9,1
28,10,2
28,11,2
28,12,2
28,13,3
28,14,2
28,15,2
28,16,2
28,17,2
28,18,1
28,19,2
28,20,2
28,21,3
28,22,2
28,23,1
28,24,2
28,25,2
28,26,1
28,27,2
28,28,2
28,29,2
28,30,1
28,31,2
28,32,3
28,33,2
28,34,1
28,35,2
28,36,2
28,37,2
28,38,2
28,39,2
28,40,2
28,41,2
28,42,3
28,43,2
28,44,2
28,45,2
28,46,3
28,47,2
28,48,2
28,49,3
28,50,2
28,51,2
28,52,2
28,53,2
28,54,2
28,55,2
28,56,2
28,57,3
28,58,3
28,59,2
28,60,2
28,61,1
28,62,2
28,63,3
28,64,2
28,65,2
28,66,2
28,67,1
28,68,2
28,69,2
28,70,1
28,71,2
28,72,2
28,73,2
28,74,3
28,75,2
28,76,3
28,77,2
28,78,2
28,79,1
28,80,2
28,81,2
28,82,2
28,83,1
28,84,2
28,85,2
28,86,2
28,87,2
28,88,1
28,89,2
28,90,1
28,91,2
28,92,2
28,93,2
28,94,2
29,1,2
29,2,3
29,3,2
29,4,2
29,5,2
29,6,2
29,7,2
29,8,2
29,9,1
29,10,3
29,11,2
29,12,2
29,13,2
29,14,2
29,15,2
29,16,2
29,17,3
29,18,2
29,19,2
29,20,2
29,21,2
29,22,2
29,23,3
29,24,2
29,25,1
29,26,2
29,27,1
29,28,2
29,29,3
29,30,2
29,31,3
29,32,3
29,33,2
29,34,2
29,35,3
29,36,3
29,37,3
29,38,2
29,39,1
29,40,2
29,41,2
29,42,2
29,43,2
29,44,2
29,45,1
29,46,2
29,47,3
29,48,2
29,49,2
29,50,3
29,51,2
29,52,2
29,53,3
29,54,3
29,55,2
29,56,2
29,57,2
29,58,1
29,59,3
29,60,3
29,61,1
29,62,2
29,63,2
29,64,1
29,65,1
29,66,2
29,67,2
29,68,3
29,69,2
29,70,2
29,71,2
29,72,3
29,73,2
29,74,2
29,75,2
29,76,4
29,77,1
29,78,2
29,79,1
29,80,2
29,81,2
29,82,2
29,83,1
29,84,3
29,85,2
29,86,2
29,87,2
29,88,2
29,89,2
29,90,2
29,91,2
29,92,2
29,93,2
29,94,2
30,1,4
30,2,4
30,3,4
30,4,4
30,5,4
30,6,4
30,7,4
30,8,4
30,9,4
30,10,4
30,11,4
30,12,3
30,13,4
30,14,4
30,15,4
30,16,4
30,17,4
30,18,4
30,19,4
30,20,4
30,21,3
30,22,3
30,23,4
30,24,4
30,25,4
30,26,3
30,27,4
30,28,4
30,29,4
30,30,4
30,31,4
30,32,4
30,33,4
30,34,4
30,35,4
30,36,3
30,37,4
30,38,4
30,39,4
30,40,5
30,41,4
30,42,3
30,43,4
30,44,3
30,45,4
30,46,4
30,47,4
30,48,4
30,49,4
30,50,4
30,51,5
30,52,4
30,53,5
30,54,4
30,55,4
30,56,4
30,57,4
30,58,3
30,59,4
30,60,4
30,61,4
30,62,3
30,63,4
30,64,5
30,65,5
30,66,4
30,67,4
30,68,4
30,69,3
30,70,4
30,71,5
30,72,4
30,73,4
30,74,4
30,75,5
30,76,5
30,77,5
30,78,4
30,79,4
30,80,3
30,81,5
30,82,3
30,83,4
30,84,3
30,85,4
30,86,4
30,87,4
30,88,4
30,89,4
30,90,4
30,91,3
30,92,4
30,93,5
30,94,4
31,1,3
31,2,3
31,3,3
31,4,3
31,5,3
31,6,3
31,7,3
31,8,3
31,9,3
31,10,3
31,11,3
31,12,3
31,13,4
31,14,3
31,15,3
31,16,2
31,17,3
31,18,3
31,19,3
31,20,3
31,21,3
31,22,3
31,23,3
31,24,3
31,25,4
31,26,3
31,27,3
31,28,2
31,29,4
31,30,2
31,31,4
31,32,3
31,33,3
31,34,2
31,35,4
31,36,3
31,37,3
31,38,3
31,39,3
31,40,3
31,41,3
31,42,3
31,43,4
31,44,3
31,45,2
31,46,3
31,47,3
31,48,3
31,49,3
31,50,3
31,51,4
31,52,3
31,53,4
31,54,3
31,55,3
31,56,3
31,57,3
31,58,2
31,59,3
31,60,3
31,61,3
31,62,3
31,63,4
31,64,3
31,65,3
31,66,2
31,67,3
31,68,3
31,69,3
31,70,2
31,71,2
31,72,4
31,73,3
31,74,3
31,75,3
31,76,3
31,77,3
31,78,4
31,79,2
31,80,2
31,81,3
31,82,3
31,83,3
31,84,2
31,85,3
31,86,2
31,87,2
31,88,3
31,89,3
31,90,3
31,91,2
31,92,3
31,93,4
31,94,3
32,1,4
32,2,5
32,3,4
32,4,5
32,5,4
32,6,4
32,7,5
32,8,3
32,9,4
32,10,4
32,11,4
32,12,3
32,13,5
32,14,4
32,15,4
32,16,4
32,17,3
32,18,4
32,19,3
32,20,4
32,21,3
32,22,5
32,23,4
32,24,4
32,25,5
32,26,4
32,27,4
32,28,4
32,29,4
32,30,5
32,31,4
32,32,4
32,33,3
32,34,4
32,35,4
32,36,4
32,37,3
32,38,5
32,39,5
32,40,4
32,41,4
32,42,4
32,43,4
32,44,4
32,45,4
32,46,3
32,47,4
32,48,4
32,49,3
32,50,4
32,51,4
32,52,5
32,53,4
32,54,3
32,55,4
32,56,3
32,57,5
32,58,4
32,59,4
32,60,5
32,61,3
32,62,3
32,63,4
32,64,5
32,65,3
32,66,3
32,67,4
32,68,4
32,69,5
32,70,4
32,71,4
32,72,5
32,73,3
32,74,4
32,75,4
32,76,4
32,77,4
32,78,4
32,79,3
32,80,4
32,81,4
32,82,4
32,83,4
32,84,4
32,85,4
32,86,4
32,87,4
32,88,4
32,89,4
32,90,4
32,91,4
32,92,4
32,93,4
32,94,3
33,1,3
33,2,3
33,3,2
33,4,4
33,5,3
33,6,3
33,7,2
33,8,2
33,9,4
33,10,4
33,11,3
33,12,3
33,13,3
33,14,3
33,15,2
33,16,3
33,17,3
33,18,4
33,19,3
33,20,2
33,21,3
33,22,3
33,23,4
33,24,4
33,25,4
33,26,3
33,27,4
33,28,3
33,29,4
33,30,3
33,31,3
33,32,3
33,33,3
33,34,4
33,35,3
33,36,4
33,37,3
33,38,3
33,39,3
33,40,3
33,41,4
33,42,2
33,43,3
33,44,2
33,45,3
33,46,3
33,47,4
33,48,3
33,49,4
33,50,2
33,51,4
33,52,3
33,53,3
33,54,3
33,55,4
33,56,4
33,57,3
33,58,2
33,59,3
33,60,2
33,61,2
33,62,4
33,63,3
33,64,3
33,65,4
33,66,3
33,67,3
33,68,3
33,69,2
33,70,3
33,71,3
33,72,3
33,73,3
33,74,3
33,75,3
33,76,3
33,77,3
33,78,3
33,79,3
33,80,3
33,81,3
33,82,4
33,83,3
33,84,3
33,85,3
33,86,3
33,87,2
33,88,3
33,89,2
33,90,3
33,91,3
33,92,3
33,93,3
33,94,3
34,1,3
34,2,3
34,3,3
34,4,3
34,5,3
34,6,3
34,7,3
34,8,3
34,9,2
34,10,3
34,11,2
34,12,2
34,13,2
34,14,3
34,15,4
34,16,3
34,17,3
34,18,3
34,19,3
34,20,3
34,21,2
34,22,2
34,23,3
34,24,3
34,25,3
34,26,3
34,27,3
34,28,3
34,29,2
34,30,3
34,31,2
34,32,3
34,33,2
34,34,3
34,35,3
34,36,3
34,37,3
34,38,3
34,39,2
34,40,3
34,41,3
34,42,4
34,43,2
34,44,3
34,45,3
34,46,4
34,47,3
34,48,3
34,49,4
34,50,3
34,51,2
34,52,2
34,53,3
34,54,2
34,55,3
34,56,3
34,57,3
34,58,3
34,59,3
34,60,4
34,61,3
34,62,3
34,63,3
34,64,3
34,65,3
34,66,3
34,67,4
34,68,2
34,69,4
34,70,4
34,71,3
34,72,4
34,73,2
34,74,3
34,75,3
34,76,3
34,77,2
34,78,3
34,79,4
34,80,3
34,81,3
34,82,3
34,83,3
34,84,4
34,85,3
34,86,3
34,87,3
34,88,2
34,89,2
34,90,4
34,91,2
34,92,3
34,93,4
34,94,2
35,1,5
35,2,5
35,3,4
35,4,4
35,5,4
35,6,4
35,7,4
35,8,4
35,9,3
35,10,4
35,11,4
35,12,5
35,13,5
35,14,4
35,15,4
35,16,4
35,17,5
35,18,5
35,19,4
35,20,4
35,21,4
35,22,3
35,23,5
35,24,5
35,25,5
35,26,3
35,27,3
35,28,4
35,29,4
35,30,4
35,31,5
35,32,4
35,33,4
35,34,4
35,35,3
35,36,4
35,37,4
35,38,4
35,39,4
35,40,5
35,41,4
35,42,4
35,43,5
35,44,3
35,45,3
35,46,4
35,47,4
35,48,4
35,49,4
35,50,4
35,51,5
35,52,4
35,53,4
35,54,5
35,55,4
35,56,3
35,57,5
35,58,5
35,59,4
35,60,4
35,61,4
35,62,4
35,63,5
35,64,4
35,65,5
35,66,4
35,67,4
35,68,5
35,69,4
35,70,5
35,71,4
35,72,3
35,73,5
35,74,4
35,75,4
35,76,4
35,77,5
35,78,4
35,79,4
35,80,4
35,81,5
35,82,5
35,83,4
35,84,3
35,85,5
35,86,4
35,87,4
35,88,3
35,89,4
35,90,4
35,91,4
35,92,5
35,93,4
35,94,5
36,1,2
36,2,3
36,3,3
36,4,4
36,5,3
36,6,3
36,7,2
36,8,4
36,9,3
36,10,4
36,11,3
36,12,4
36,13,3
36,14,3
36,15,3
36,16,3
36,17,3
36,18,3
36,19,3
36,20,3
36,21,3
36,22,2
36,23,3
36,24,3
36,25,2
36,26,2
36,27,2
36,28,2
36,29,3
36,30,4
36,31,3
36,32,3
36,33,3
36,34,3
36,35,3
36,36,2
36,37,4
36,38,4
36,39,2
36,40,2
36,41,3
36,42,3
36,43,3
36,44,3
36,45,4
36,46,4
36,47,3
36,48,4
36,49,4
36,50,3
36,51,3
36,52,3
36,53,3
36,54,3
36,55,2
36,56,3
36,57,3
36,58,3
36,59,4
36,60,2
36,61,3
36,62,4
36,63,4
36,64,3
36,65,3
36,66,3
36,67,3
36,68,3
36,69,3
36,70,2
36,71,3
36,72,3
36,73,3
36,74,4
36,75,3
36,76,3
36,77,4
36,78,3
36,79,3
36,80,3
36,81,3
36,82,3
36,83,2
36,84,3
36,85,3
36,86,3
36,87,3
36,88,3
36,89,2
36,90,4
36,91,3
36,92,4
36,93,3
36,94,4
37,1,3
37,2,5
37,3,4
37,4,4
37,5,3
37,6,4
37,7,5
37,8,5
37,9,5
37,10,4
37,11,3
37,12,4
37,13,4
37,14,4
37,15,3
37,16,4
37,17,4
37,18,4
37,19,4
37,20,4
37,21,4
37,22,3
37,23,3
37,24,4
37,25,4
37,26,4
37,27,4
37,28,4
37,29,4
37,30,4
37,31,5
37,32,4
37,33,4
37,34,4
37,35,5
37,36,4
37,37,4
37,38,4
37,39,3
37,40,4
37,41,4
37,42,4
37,43,4
37,44,3
37,45,4
37,46,4
37,47,3
37,48,5
37,49,3
37,50,4
37,51,4
37,52,4
37,53,4
37,54,5
37,55,3
37,56,4
37,57,4
37,58,5
37,59,3
37,60,5
37,61,4
37,62,3
37,63,4
37,64,4
37,65,4
37,66,4
37,67,3
37,68,3
37,69,4
37,70,5
37,71,4
37,72,5
37,73,5
37,74,4
37,75,4
37,76,4
37,77,4
37,78,4
37,79,4
37,80,3
37,81,3
37,82,5
37,83,4
37,84,4
37,85,4
37,86,4
37,87,3
37,88,4
37,89,5
37,90,3
37,91,3
37,92,4
37,93,5
37,94,3
38,1,3
38,2,2
38,3,4
38,4,4
38,5,3
38,6,3
38,7,3
38,8,3
38,9,3
38,10,4
38,11,3
38,12,2
38,13,4
38,14,3
38,15,3
38,16,4
38,17,2
38,18,3
38,19,3
38,20,2
38,21,3
38,22,4
38,23,2
38,24,3
38,25,3
38,26,3
38,27,3
38,28,2
38,29,3
38,30,3
38,31,2
38,32,4
38,33,3
38,34,3
38,35,3
38,36,4
38,37,3
38,38,3
38,39,3
38,40,4
38,41,3
38,42,3
38,43,2
38,44,3
38,45,3
38,46,3
38,47,3
38,48,2
38,49,4
38,50,4
38,51,4
38,52,2
38,53,3
38,54,2
38,55,3
38,56,3
38,57,4
38,58,3
38,59,4
38,60,3
38,61,4
38,62,2
38,63,4
38,64,4
38,65,3
38,66,4
38,67,3
38,68,3
38,69,3
38,70,3
38,71,4
38,72,3
38,73,3
38,74,3
38,75,3
38,76,4
38,77,2
38,78,3
38,79,3
38,80,3
38,81,3
38,82,3
38,83,3
38,84,3
38,85,3
38,86,3
38,87,4
38,88,3
38,89,2
38,90,3
38,91,2
38,92,3
38,93,4
38,94,3
39,1,4
39,2,3
39,3,4
39,4,4
39,5,4
39,6,4
39,7,5
39,8,4
39,9,3
39,10,3
39,11,4
39,12,4
39,13,4
39,14,4
39,15,4
39,16,4
39,17,4
39,18,4
39,19,4
39,20,4
39,21,4
39,22,4
39,23,3
39,24,5
39,25,5
39,26,4
39,27,3
39,28,4
39,29,4
39,30,4
39,31,4
39,32,4
39,33,5
39,34,4
39,35,4
39,36,4
39,37,4
39,38,4
39,39,4
39,40,5
39,41,4
39,42,4
39,43,4
39,44,5
39,45,4
39,46,5
39,47,4
39,48,4
39,49,3
39,50,4
39,51,4
39,52,5
39,53,4
39,54,5
39,55,4
39,56,4
39,57,4
39,58,4
39,59,4
39,60,4
39,61,4
39,62,5
39,63,4
39,64,4
39,65,4
39,66,4
39,67,4
39,68,4
39,69,3
39,70,4
39,71,4
39,72,4
39,73,3
39,74,4
39,75,4
39,76,4
39,77,4
39,78,4
39,79,3
39,80,3
39,81,3
39,82,4
39,83,4
39,84,5
39,85,3
39,86,4
39,87,4
39,88,4
39,89,3
39,90,5
39,91,5
39,92,4
39,93,4
39,94,4
40,1,2
40,2,2
40,3,3
40,4,3
40,5,2
40,6,3
40,7,3
40,8,3
40,9,3
40,10,3
40,11,3
40,12,2
40,13,3
40,14,3
40,15,3
40,16,3
40,17,3
40,18,3
40,19,2
40,20,3
40,21,4
40,22,2
40,23,3
40,24,3
40,25,4
40,26,3
40,27,3
40,28,2
40,29,3
40,30,4
40,31,3
40,32,3
40,33,3
40,34,3
40,35,3
40,36,3
40,37,3
40,38,3
40,39,3
40,40,4
40,41,3
40,42,3
40,43,4
40,44,3
40,45,3
40,46,3
40,47,2
40,48,3
40,49,2
40,50,2
40,51,2
40,52,3
40,53,3
40,54,3
40,55,2
40,56,2
40,57,3
40,58,3
40,59,3
40,60,3
40,61,3
40,62,4
40,63,3
40,64,3
40,65,3
40,66,3
40,67,3
40,68,3
40,69,3
40,70,3
40,71,3
40,72,2
40,73,2
40,74,2
40,75,2
40,76,3
40,77,3
40,78,3
40,79,3
40,80,2
40,81,3
40,82,3
40,83,3
40,84,3
40,85,3
40,86,3
40,87,2
40,88,2
40,89,3
40,90,3
40,91,3
40,92,2
40,93,3
40,94,3
41,1,5
41,2,4
41,3,5
41,4,3
41,5,4
41,6,4
41,7,4
41,8,4
41,9,3
41,10,3
41,11,3
41,12,5
41,13,4
41,14,3
41,15,4
41,16,5
41,17,4
41,18,4
41,19,4
41,20,3
41,21,5
41,22,5
41,23,4
41,24,5
41,25,4
41,26,4
41,27,5
41,28,4
41,29,4
41,30,4
41,31,3
41,32,5
41,33,4
41,34,4
41,35,4
41,36,3
41,37,4
41,38,4
41,39,3
41,40,4
41,41,4
41,42,4
41,43,4
41,44,4
41,45,5
41,46,4
41,47,5
41,48,5
41,49,4
41,50,4
41,51,4
41,52,4
41,53,5
41,54,4
41,55,4
41,56,4
41,57,4
41,58,5
41,59,4
41,60,3
41,61,4
41,62,4
41,63,4
41,64,4
41,65,4
41,66,4
41,67,4
41,68,3
41,69,4
41,70,4
41,71,5
41,72,4
41,73,4
41,74,5
41,75,5
41,76,4
41,77,5
41,78,4
41,79,4
41,80,4
41,81,4
41,82,4
41,83,4
41,84,5
41,85,4
41,86,4
41,87,4
41,88,5
41,89,4
41,90,5
41,91,3
41,92,4
41,93,4
41,94,5
42,1,4
42,2,3
42,3,2
42,4,3
42,5,3
42,6,3
42,7,3
42,8,3
42,9,4
42,10,3
42,11,3
42,12,2
42,13,3
42,14,3
42,15,3
42,16,3
42,17,2
42,18,3
42,19,3
42,20,4
42,21,3
42,22,3
42,23,3
42,24,3
42,25,4
42,26,2
42,27,3
42,28,3
42,29,3
42,30,4
42,31,3
42,32,2
42,33,3
42,34,3
42,35,3
42,36,3
42,37,3
42,38,2
42,39,3
42,40,3
42,41,4
42,42,3
42,43,3
42,44,3
42,45,3
42,46,3
42,47,4
42,48,3
42,49,3
42,50,4
42,51,3
42,52,3
42,53,3
42,54,3
42,55,3
42,56,2
42,57,4
42,58,4
42,59,3
42,60,2
42,61,3
42,62,3
42,63,3
42,64,3
42,65,3
42,66,4
42,67,3
42,68,2
42,69,4
42,70,4
42,71,5
42,72,2
42,73,3
42,74,2
42,75,3
42,76,3
42,77,4
42,78,3
42,79,2
42,80,3
42,81,2
42,82,3
42,83,2
42,84,3
42,85,2
42,86,3
42,87,4
42,88,3
42,89,3
42,90,3
42,91,3
42,92,3
42,93,2
42,94,3
43,1,3
43,2,3
43,3,3
43,4,3
43,5,4
43,6,3
43,7,3
43,8,3
43,9,4
43,10,3
43,11,3
43,12,2
43,13,3
43,14,3
43,15,4
43,16,4
43,17,2
43,18,2
43,19,3
43,20,3
43,21,3
43,22,3
43,23,3
43,24,4
43,25,2
43,26,3
43,27,3
43,28,4
43,29,4
43,30,3
43,31,3
43,32,2
43,33,3
43,34,3
43,35,3
43,36,4
43,37,3
43,38,2
43,39,3
43,40,4
43,41,3
43,42,3
43,43,4
43,44,2
43,45,3
43,46,3
43,47,3
43,48,3
43,49,3
43,50,2
43,51,3
43,52,4
43,53,3
43,54,3
43,55,3
43,56,3
43,57,3
43,58,3
43,59,3
43,60,4
43,61,3
43,62,3
43,63,3
43,64,4
43,65,3
43,66,2
43,67,3
43,68,3
43,69,2
43,70,3
43,71,3
43,72,3
43,73,3
43,74,4
43,75,3
43,76,3
43,77,3
43,78,3
43,79,3
43,80,3
43,81,3
43,82,3
43,83,3
43,84,3
43,85,3
43,86,3
43,87,3
43,88,3
43,89,3
43,90,3
43,91,3
43,92,2
43,93,4
43,94,3
44,1,4
44,2,4
44,3,4
44,4,4
44,5,3
44,6,4
44,7,5
44,8,4
44,9,4
44,10,4
44,11,4
44,12,5
44,13,4
44,14,4
44,15,5
44,16,4
44,17,5
44,18,3
44,19,5
44,20,4
44,21,4
44,22,3
44,23,4
44,24,3
44,25,4
44,26,4
44,27,4
44,28,4
44,29,4
44,30,3
44,31,4
44,32,5
44,33,4
44,34,5
44,35,4
44,36,4
44,37,5
44,38,5
44,39,4
44,40,4
44,41,4
44,42,4
44,43,4
44,44,4
44,45,4
44,46,5
44,47,4
44,48,4
44,49,3
44,50,3
44,51,4
44,52,4
44,53,4
44,54,4
44,55,4
44,56,5
44,57,4
44,58,4
44,59,4
44,60,4
44,61,4
44,62,4
44,63,4
44,64,4
44,65,4
44,66,4
44,67,4
44,68,3
44,69,4
44,70,4
44,71,4
44,72,4
44,73,4
44,74,4
44,75,3
44,76,4
44,77,4
44,78,4
44,79,4
44,80,4
44,81,4
44,82,4
44,83,5
44,84,4
44,85,4
44,86,4
44,87,4
44,88,4
44,89,4
44,90,4
44,91,5
44,92,4
44,93,4
44,94,4
45,1,4
45,2,4
45,3,3
45,4,5
45,5,4
45,6,4
45,7,4
45,8,4
45,9,4
45,10,4
45,11,4
45,12,4
45,13,3
45,14,4
45,15,3
45,16,4
45,17,4
45,18,3
45,19,4
45,20,4
45,21,4
45,22,3
45,23,3
45,24,4
45,25,4
45,26,4
45,27,4
45,28,4
45,29,4
45,30,4
45,31,4
45,32,4
45,33,4
45,34,3
45,35,5
45,36,4
45,37,5
45,38,5
45,39,3
45,40,4
45,41,5
45,42,4
45,43,4
45,44,3
45,45,4
45,46,5
45,47,5
45,48,4
45,49,4
45,50,3
45,51,4
45,52,3
45,53,4
45,54,5
45,55,4
45,56,5
45,57,5
45,58,4
45,59,4
45,60,4
45,61,3
45,62,4
45,63,3
45,64,4
45,65,4
45,66,4
45,67,5
45,68,4
45,69,5
45,70,4
45,71,4
45,72,4
45,73,3
45,74,4
45,75,4
45,76,4
45,77,4
45,78,3
45,79,3
45,80,4
45,81,5
45,82,4
45,83,4
45,84,4
45,85,3
45,86,3
45,87,4
45,88,3
45,89,3
45,90,4
45,91,3
45,92,3
45,93,4
45,94,4
46,1,4
46,2,3
46,3,3
46,4,3
46,5,3
46,6,3
46,7,4
46,8,3
46,9,3
46,10,3
46,11,2
46,12,3
46,13,4
46,14,2
46,15,2
46,16,3
46,17,3
46,18,3
46,19,3
46,20,2
46,21,3
46,22,3
46,23,2
46,24,2
46,25,3
46,26,3
46,27,3
46,28,3
46,29,3
46,30,2
46,31,3
46,32,3
46,33,3
46,34,4
46,35,2
46,36,4
46,37,3
46,38,3
46,39,3
46,40,3
46,41,4
46,42,2
46,43,3
46,44,4
46,45,3
46,46,3
46,47,4
46,48,3
46,49,3
46,50,2
46,51,3
46,52,3
46,53,3
46,54,3
46,55,2
46,56,3
46,57,2
46,58,3
46,59,3
46,60,3
46,61,4
46,62,4
46,63,3
46,64,3
46,65,3
46,66,2
46,67,3
46,68,3
46,69,2
46,70,3
46,71,3
46,72,2
46,73,3
46,74,3
46,75,3
46,76,3
46,77,3
46,78,3
46,79,3
46,80,3
46,81,3
46,82,4
46,83,3
46,84,4
46,85,3
46,86,3
46,87,3
46,88,3
46,89,2
46,90,3
46,91,2
46,92,3
46,93,3
46,94,3
47,1,2
47,2,3
47,3,2
47,4,2
47,5,2
47,6,2
47,7,2
47,8,3
47,9,2
47,10,2
47,11,2
47,12,2
47,13,3
47,14,2
47,15,2
47,16,2
47,17,2
47,18,2
47,19,1
47,20,3
47,21,2
47,22,2
47,23,2
47,24,2
47,25,3
47,26,3
47,27,2
47,28,2
47,29,2
47,30,2
47,31,3
47,32,2
47,33,2
47,34,3
47,35,2
47,36,2
47,37,2
47,38,2
47,39,1
47,40,3
47,41,2
47,42,2
47,43,2
47,44,2
47,45,1
47,46,2
47,47,3
47,48,3
47,49,2
47,50,2
47,51,2
47,52,2
47,53,2
47,54,2
47,55,3
47,56,2
47,57,2
47,58,2
47,59,2
47,60,2
47,61,2
47,62,2
47,63,2
47,64,1
47,65,2
47,66,1
47,67,2
47,68,3
47,69,2
47,70,1
47,71,2
47,72,2
47,73,1
47,74,2
47,75,2
47,76,2
47,77,2
47,78,2
47,79,2
47,80,2
47,81,2
47,82,2
47,83,3
47,84,1
47,85,2
47,86,3
47,87,3
47,88,2
47,89,1
47,90,2
47,91,2
47,92,2
47,93,2
47,94,2
48,1,4
48,2,4
48,3,4
48,4,5
48,5,5
48,6,4
48,7,4
48,8,4
48,9,4
48,10,4
48,11,3
48,12,5
48,13,3
48,14,4
48,15,4
48,16,4
48,17,4
48,18,3
48,19,4
48,20,4
48,21,4
48,22,4
48,23,4
48,24,4
48,25,4
48,26,4
48,27,4
48,28,5
48,29,4
48,30,5
48,31,3
48,32,3
48,33,4
48,34,3
48,35,3
48,36,4
48,37,4
48,38,4
48,39,4
48,40,4
48,41,4
48,42,4
48,43,3
48,44,5
48,45,4
48,46,4
48,47,4
48,48,4
48,49,4
48,50,4
48,51,4
48,52,4
48,53,4
48,54,5
48,55,4
48,56,5
48,57,5
48,58,5
48,59,3
48,60,4
48,61,4
48,62,4
48,63,4
48,64,4
48,65,4
48,66,4
48,67,4
48,68,4
48,69,4
48,70,4
48,71,4
48,72,4
48,73,3
48,74,5
48,75,3
48,76,4
48,77,4
48,78,4
48,79,4
48,80,4
48,81,4
48,82,4
48,83,5
48,84,4
48,85,4
48,86,4
48,87,4
48,88,4
48,89,3
48,90,4
48,91,4
48,92,4
48,93,3
48,94,5
49,1,3
49,2,3
49,3,3
49,4,3
49,5,3
49,6,3
49,7,3
49,8,3
49,9,3
49,10,3
49,11,3
49,12,3
49,13,3
49,14,3
49,15,3
49,16,4
49,17,3
49,18,3
49,19,3
49,20,3
49,21,2
49,22,3
49,23,3
49,24,3
49,25,3
49,26,3
49,27,4
49,28,3
49,29,4
49,30,3
49,31,3
49,32,3
49,33,4
49,34,2
49,35,3
49,36,3
49,37,3
49,38,3
49,39,4
49,40,3
49,41,4
49,42,3
49,43,3
49,44,3
49,45,4
49,46,2
49,47,2
49,48,4
49,49,3
49,50,3
49,51,3
49,52,4
49,53,2
49,54,3
49,55,3
49,56,4
49,57,3
49,58,3
49,59,2
49,60,4
49,61,3
49,62,3
49,63,4
49,64,3
49,65,4
49,66,3
49,67,3
49,68,3
49,69,2
49,70,3
49,71,3
49,72,2
49,73,3
49,74,4
49,75,3
49,76,3
49,77,3
49,78,4
49,79,2
49,80,3
49,81,2
49,82,4
49,83,3
49,84,3
49,85,4
49,86,3
49,87,4
49,88,3
49,89,3
49,90,4
49,91,3
49,92,2
49,93,3
49,94,3
50,1,3
50,2,3
50,3,3
50,4,4
50,5,3
50,6,3
50,7,3
50,8,3
50,9,4
50,10,3
50,11,3
50,12,3
50,13,3
50,14,3
50,15,3
50,16,4
50,17,3
50,18,3
50,19,3
50,20,2
50,21,3
50,22,2
50,23,3
50,24,3
50,25,3
50,26,4
50,27,3
50,28,3
50,29,3
50,30,3
50,31,4
50,32,3
50,33,2
50,34,3
50,35,3
50,36,3
50,37,2
50,38,3
50,39,3
50,40,3
50,41,3
50,42,3
50,43,3
50,44,3
50,45,3
50,46,4
50,47,3
50,48,3
50,49,3
50,50,2
50,51,3
50,52,3
50,53,3
50,54,3
50,55,4
50,56,3
50,57,3
50,58,3
50,59,3
50,60,3
50,61,3
50,62,3
50,63,3
50,64,3
50,65,4
50,66,4
50,67,3
50,68,3
50,69,4
50,70,3
50,71,3
50,72,3
50,73,3
50,74,1
50,75,3
50,76,3
50,77,4
50,78,3
50,79,2
50,80,3
50,81,2
50,82,3
50,83,3
50,84,3
50,85,3
50,86,3
50,87,2
50,88,3
50,89,3
50,90,3
50,91,3
50,92,3
50,93,4
50,94,3
51,1,3
51,2,3
51,3,2
51,4,2
51,5,2
51,6,2
51,7,2
51,8,2
51,9,2
51,10,2
51,11,3
51,12,2
51,13,2
51,14,1
51,15,2
51,16,2
51,17,2
51,18,3
51,19,2
51,20,1
51,21,2
51,22,2
51,23,2
51,24,2
51,25,3
51,26,2
51,27,2
51,28,2
51,29,2
51,30,2
51,31,3
51,32,2
51,33,1
51,34,2
51,35,3
51,36,2
51,37,2
51,38,3
51,39,2
51,40,1
51,41,1
51,42,2
51,43,2
51,44,3
51,45,2
51,46,2
51,47,2
51,48,2
51,49,1
51,50,2
51,51,2
51,52,2
51,53,3
51,54,3
51,55,2
51,56,1
51,57,2
51,58,2
51,59,2
51,60,2
51,61,3
51,62,2
51,63,2
51,64,2
51,65,2
51,66,2
51,67,2
51,68,3
51,69,1
51,70,2
51,71,2
51,72,2
51,73,2
51,74,2
51,75,2
51,76,3
51,77,2
51,78,1
51,79,2
51,80,2
51,81,1
51,82,2
51,83,3
51,84,3
51,85,2
51,86,2
51,87,2
51,88,3
51,89,2
51,90,2
51,91,2
51,92,1
51,93,2
51,94,3
52,1,2
52,2,2
52,3,3
52,4,2
52,5,1
52,6,2
52,7,2
52,8,2
52,9,1
52,10,3
52,11,2
52,12,2
52,13,3
52,14,3
52,15,2
52,16,2
52,17,2
52,18,2
52,19,2
52,20,2
52,21,2
52,22,1
52,23,2
52,24,1
52,25,2
52,26,2
52,27,2
52,28,2
52,29,4
52,30,3
52,31,1
52,32,2
52,33,2
52,34,1
52,35,1
52,36,2
52,37,2
52,38,2
52,39,2
52,40,3
52,41,2
52,42,2
52,43,2
52,44,2
52,45,2
52,46,3
52,47,2
52,48,2
52,49,2
52,50,1
52,51,2
52,52,2
52,53,1
52,54,2
52,55,1
52,56,1
52,57,2
52,58,2
52,59,2
52,60,1
52,61,1
52,62,2
52,63,2
52,64,2
52,65,2
52,66,1
52,67,2
52,68,2
52,69,2
52,70,3
52,71,2
52,72,2
52,73,1
52,74,2
52,75,3
52,76,2
52,77,3
52,78,3
52,79,3
52,80,2
52,81,2
52,82,3
52,83,2
52,84,2
52,85,2
52,86,2
52,87,1
52,88,2
52,89,3
52,90,1
52,91,3
52,92,3
52,93,2
52,94,2
53,1,2
53,2,2
53,3,2
53,4,2
53,5,2
53,6,2
53,7,1
53,8,3
53,9,3
53,10,3
53,11,1
53,12,2
53,13,3
53,14,2
53,15,2
53,16,2
53,17,3
53,18,2
53,19,2
53,20,2
53,21,3
53,22,2
53,23,2
53,24,2
53,25,1
53,26,2
53,27,2
53,28,2
53,29,2
53,30,2
53,31,2
53,32,2
53,33,2
53,34,2
53,35,3
53,36,2
53,37,2
53,38,1
53,39,2
53,40,3
53,41,1
53,42,2
53,43,2
53,44,1
53,45,2
53,46,3
53,47,3
53,48,2
53,49,2
53,50,2
53,51,2
53,52,2
53,53,3
53,54,2
53,55,2
53,56,2
53,57,4
53,58,2
53,59,2
53,60,2
53,61,2
53,62,1
53,63,2
53,64,3
53,65,1
53,66,2
53,67,2
53,68,2
53,69,2
53,70,1
53,71,2
53,72,2
53,73,3
53,74,3
53,75,2
53,76,3
53,77,2
53,78,2
53,79,2
53,80,2
53,81,2
53,82,2
53,83,2
53,84,2
53,85,2
53,86,2
53,87,2
53,88,2
53,89,2
53,90,2
53,91,1
53,92,2
53,93,1
53,94,1
54,1,2
54,2,3
54,3,4
54,4,3
54,5,2
54,6,4
54,7,3
54,8,3
54,9,3
54,10,4
54,11,4
54,12,3
54,13,4
54,14,3
54,15,3
54,16,2
54,17,3
54,18,3
54,19,3
54,20,4
54,21,2
54,22,3
54,23,4
54,24,3
54,25,3
54,26,3
54,27,3
54,28,3
54,29,2
54,30,2
54,31,3
54,32,3
54,33,3
54,34,3
54,35,3
54,36,4
54,37,3
54,38,2
54,39,3
54,40,3
54,41,3
54,42,4
54,43,3
54,44,3
54,45,2
54,46,3
54,47,3
54,48,2
54,49,3
54,50,3
54,51,3
54,52,4
54,53,3
54,54,4
54,55,3
54,56,3
54,57,3
54,58,2
54,59,3
54,60,4
54,61,3
54,62,3
54,63,3
54,64,3
54,65,2
54,66,3
54,67,2
54,68,4
54,69,3
54,70,3
54,71,3
54,72,2
54,73,3
54,74,3
54,75,4
54,76,3
54,77,3
54,78,3
54,79,3
54,80,3
54,81,2
54,82,3
54,83,2
54,84,3
54,85,3
54,86,4
54,87,3
54,88,2
54,89,3
54,90,3
54,91,4
54,92,3
54,93,2
54,94,3
55,1,3
55,2,3
55,3,3
55,4,3
55,5,3
55,6,3
55,7,3
55,8,3
55,9,3
55,10,3
55,11,3
55,12,3
55,13,3
55,14,4
55,15,3
55,16,3
55,17,3
55,18,3
55,19,3
55,20,3
55,21,3
55,22,4
55,23,3
55,24,4
55,25,3
55,26,2
55,27,3
55,28,3
55,29,2
55,30,3
55,31,3
55,32,2
55,33,3
55,34,3
55,35,2
55,36,3
55,37,2
55,38,3
55,39,4
55,40,3
55,41,3
55,42,4
55,43,3
55,44,3
55,45,2
55,46,3
55,47,4
55,48,3
55,49,2
55,50,4
55,51,4
55,52,2
55,53,3
55,54,3
55,55,3
55,56,2
55,57,3
55,58,3
55,59,3
55,60,3
55,61,3
55,62,2
55,63,3
55,64,4
55,65,3
55,66,2
55,67,3
55,68,3
55,69,3
55,70,3
55,71,3
55,72,3
55,73,4
55,74,4
55,75,2
55,76,4
55,77,3
55,78,4
55,79,3
55,80,3
55,81,3
55,82,3
55,83,3
55,84,3
55,85,3
55,86,3
55,87,3
55,88,2
55,89,3
55,90,3
55,91,3
55,92,2
55,93,4
55,94,3
56,1,2
56,2,2
56,3,3
56,4,2
56,5,1
56,6,2
56,7,2
56,8,3
56,9,1
56,10,3
56,11,2
56,12,2
56,13,2
56,14,2
56,15,2
56,16,2
56,17,2
56,18,2
56,19,2
56,20,1
56,21,2
56,22,2
56,23,2
56,24,2
56,25,2
56,26,1
56,27,2
56,28,1
56,29,2
56,30,2
56,31,1
56,32,3
56,33,3
56,34,2
56,35,2
56,36,2
56,37,3
56,38,2
56,39,3
56,40,2
56,41,1
56,42,2
56,43,3
56,44,3
56,45,1
56,46,2
56,47,2
56,48,2
56,49,1
56,50,1
56,51,2
56,52,2
56,53,2
56,54,2
56,55,3
56,56,2
56,57,3
56,58,2
56,59,1
56,60,3
56,61,2
56,62,2
56,63,3
56,64,2
56,65,1
56,66,2
56,67,3
56,68,2
56,69,2
56,70,2
56,71,2
56,72,2
56,73,2
56,74,2
56,75,2
56,76,2
56,77,2
56,78,3
56,79,2
56,80,2
56,81,2
56,82,2
56,83,2
56,84,3
56,85,2
56,86,2
56,87,2
56,88,2
56,89,1
56,90,2
56,91,2
56,92,2
56,93,2
56,94,1
57,1,4
57,2,4
57,3,4
57,4,5
57,5,3
57,6,4
57,7,3
57,8,4
57,9,5
57,10,4
57,11,3
57,12,4
57,13,4
57,14,4
57,15,4
57,16,4
57,17,4
57,18,4
57,19,4
57,20,4
57,21,4
57,22,4
57,23,4
57,24,3
57,25,4
57,26,4
57,27,4
57,28,4
57,29,4
57,30,4
57,31,4
57,32,2
57,33,5
57,34,4
57,35,4
57,36,4
57,37,5
57,38,4
57,39,4
57,40,3
57,41,4
57,42,3
57,43,4
57,44,4
57,45,4
57,46,4
57,47,4
57,48,4
57,49,3
57,50,3
57,51,4
57,52,4
57,53,3
57,54,4
57,55,5
57,56,4
57,57,4
57,58,5
57,59,4
57,60,4
57,61,4
57,62,5
57,63,4
57,64,4
57,65,4
57,66,4
57,67,4
57,68,3
57,69,4
57,70,4
57,71,4
57,72,4
57,73,4
57,74,3
57,75,3
57,76,4
57,77,4
57,78,3
57,79,5
57,80,3
57,81,5
57,82,3
57,83,4
57,84,4
57,85,4
57,86,4
57,87,4
57,88,4
57,89,4
57,90,3
57,91,4
57,92,3
57,93,4
57,94,4
58,1,1
58,2,3
58,3,2
58,4,3
58,5,2
58,6,2
58,7,2
58,8,2
58,9,2
58,10,2
58,11,2
58,12,1
58,13,2
58,14,1
58,15,2
58,16,1
58,17,2
58,18,2
58,19,2
58,20,2
58,21,2
58,22,2
58,23,2
58,24,1
58,25,2
58,26,2
58,27,2
58,28,2
58,29,2
58,30,2
58,31,2
58,32,3
58,33,2
58,34,2
58,35,2
58,36,2
58,37,2
58,38,2
58,39,2
58,40,2
58,41,1
58,42,3
58,43,2
58,44,1
58,45,2
58,46,2
58,47,3
58,48,1
58,49,2
58,50,3
58,51,2
58,52,2
58,53,1
58,54,2
58,55,2
58,56,2
58,57,3
58,58,2
58,59,1
58,60,2
58,61,2
58,62,2
58,63,2
58,64,2
58,65,3
58,66,2
58,67,2
58,68,2
58,69,2
58,70,3
58,71,2
58,72,2
58,73,2
58,74,3
58,75,3
58,76,2
58,77,2
58,78,2
58,79,1
58,80,2
58,81,2
58,82,2
58,83,2
58,84,2
58,85,2
58,86,3
58,87,2
58,88,3
58,89,2
58,90,1
58,91,2
58,92,2
58,93,1
58,94,3
59,1,4
59,2,4
59,3,4
59,4,4
59,5,4
59,6,4
59,7,4
59,8,3
59,9,3
59,10,4
59,11,4
59,12,4
59,13,5
59,14,4
59,15,4
59,16,4
59,17,4
59,18,4
59,19,4
59,20,4
59,21,4
59,22,5
59,23,4
59,24,3
59,25,4
59,26,4
59,27,4
59,28,4
59,29,4
59,30,3
59,31,4
59,32,4
59,33,4
59,34,4
59,35,4
59,36,5
59,37,4
59,38,5
59,39,4
59,40,4
59,41,4
59,42,4
59,43,4
59,44,4
59,45,4
59,46,3
59,47,3
59,48,5
59,49,4
59,50,4
59,51,5
59,52,3
59,53,5
59,54,4
59,55,5
59,56,3
59,57,5
59,58,4
59,59,5
59,60,4
59,61,4
59,62,4
59,63,3
59,64,2
59,65,4
59,66,4
59,67,4
59,68,4
59,69,5
59,70,4
59,71,4
59,72,4
59,73,4
59,74,4
59,75,3
59,76,4
59,77,4
59,78,3
59,79,5
59,80,3
59,81,4
59,82,4
59,83,4
59,84,3
59,85,4
59,86,5
59,87,4
59,88,5
59,89,4
59,90,5
59,91,5
59,92,4
59,93,3
59,94,4
60,1,2
60,2,2
60,3,3
60,4,1
60,5,2
60,6,2
60,7,2
60,8,2
60,9,2
60,10,2
60,11,2
60,12,2
60,13,2
60,14,2
60,15,1
60,16,2
60,17,2
60,18,2
60,19,2
60,20,3
60,21,3
60,22,2
60,23,2
60,24,1
60,25,2
60,26,2
60,27,2
60,28,2
60,29,2
60,30,1
60,31,2
60,32,2
60,33,3
60,34,2
60,35,2
60,36,2
60,37,2
60,38,2
60,39,2
60,40,2
60,41,2
60,42,2
60,43,2
60,44,2
60,45,3
60,46,1
60,47,2
60,48,2
60,49,2
60,50,2
60,51,1
60,52,3
60,53,2
60,54,1
60,55,2
60,56,3
60,57,3
60,58,2
60,59,2
60,60,2
60,61,2
60,62,3
60,63,2
60,64,2
60,65,3
60,66,2
60,67,3
60,68,2
60,69,2
60,70,2
60,71,2
60,72,1
60,73,2
60,74,1
60,75,2
60,76,2
60,77,1
60,78,3
60,79,3
60,80,2
60,81,2
60,82,3
60,83,1
60,84,2
60,85,2
60,86,3
60,87,2
60,88,2
60,89,2
60,90,2
60,91,1
60,92,2
60,93,2
60,94,1
61,1,3
61,2,4
61,3,3
61,4,3
61,5,2
61,6,3
61,7,4
61,8,4
61,9,3
61,10,3
61,11,3
61,12,3
61,13,3
61,14,3
61,15,3
61,16,3
61,17,3
61,18,3
61,19,2
61,20,3
61,21,4
61,22,3
61,23,3
61,24,3
61,25,4
61,26,3
61,27,2
61,28,3
61,29,3
61,30,3
61,31,3
61,32,3
61,33,3
61,34,3
61,35,3
61,36,3
61,37,3
61,38,3
61,39,3
61,40,3
61,41,2
61,42,3
61,43,3
61,44,2
61,45,3
61,46,2
61,47,2
61,48,2
61,49,3
61,50,3
61,51,3
61,52,3
61,53,3
61,54,3
61,55,3
61,56,3
61,57,4
61,58,4
61,59,2
61,60,3
61,61,5
61,62,3
61,63,3
61,64,3
61,65,3
61,66,3
61,67,2
61,68,3
61,69,2
61,70,3
61,71,3
61,72,3
61,73,2
61,74,3
61,75,3
61,76,3
61,77,2
61,78,3
61,79,3
61,80,3
61,81,3
61,82,4
61,83,2
61,84,4
61,85,3
61,86,3
61,87,3
61,88,3
61,89,3
61,90,3
61,91,2
61,92,3
61,93,2
61,94,3
62,1,3
62,2,4
62,3,3
62,4,3
62,5,3
62,6,4
62,7,2
62,8,3
62,9,2
62,10,2
62,11,3
62,12,3
62,13,3
62,14,3
62,15,5
62,16,3
62,17,3
62,18,3
62,19,3
62,20,3
62,21,3
62,22,4
62,23,4
62,24,3
62,25,2
62,26,3
62,27,4
62,28,3
62,29,4
62,30,4
62,31,3
62,32,3
62,33,2
62,34,3
62,35,3
62,36,3
62,37,2
62,38,3
62,39,3
62,40,3
62,41,2
62,42,4
62,43,3
62,44,2
62,45,3
62,46,3
62,47,3
62,48,4
62,49,3
62,50,3
62,51,2
62,52,3
62,53,3
62,54,3
62,55,2
62,56,4
62,57,2
62,58,3
62,59,3
62,60,2
62,61,2
62,62,2
62,63,3
62,64,3
62,65,4
62,66,3
62,67,3
62,68,3
62,69,3
62,70,3
62,71,3
62,72,3
62,73,2
62,74,2
62,75,2
62,76,3
62,77,3
62,78,3
62,79,4
62,80,4
62,81,3
62,82,2
62,83,3
62,84,3
62,85,3
62,86,3
62,87,3
62,88,3
62,89,3
62,90,3
62,91,3
62,92,3
62,93,4
62,94,3
63,1,3
63,2,2
63,3,3
63,4,2
63,5,2
63,6,3
63,7,3
63,8,3
63,9,2
63,10,3
63,11,3
63,12,2
63,13,3
63,14,3
63,15,2
63,16,2
63,17,4
63,18,3
63,19,4
63,20,4
63,21,4
63,22,3
63,23,2
63,24,3
63,25,4
63,26,3
63,27,2
63,28,3
63,29,3
63,30,2
63,31,2
63,32,3
63,33,3
63,34,4
63,35,3
63,36,3
63,37,3
63,38,3
63,39,2
63,40,2
63,41,4
63,42,3
63,43,3
63,44,3
63,45,3
63,46,4
63,47,3
63,48,2
63,49,3
63,50,3
63,51,3
63,52,2
63,53,3
63,54,3
63,55,3
63,56,3
63,57,3
63,58,3
63,59,3
63,60,3
63,61,4
63,62,3
63,63,3
63,64,4
63,65,4
63,66,4
63,67,4
63,68,3
63,69,3
63,70,3
63,71,3
63,72,3
63,73,4
63,74,3
63,75,3
63,76,3
63,77,2
63,78,2
63,79,2
63,80,3
63,81,3
63,82,3
63,83,3
63,84,3
63,85,3
63,86,3
63,87,4
63,88,3
63,89,4
63,90,3
63,91,2
63,92,3
63,93,5
63,94,3
64,1,4
64,2,5
64,3,4
64,4,4
64,5,4
64,6,4
64,7,4
64,8,3
64,9,4
64,10,4
64,11,5
64,12,4
64,13,4
64,14,4
64,15,4
64,16,5
64,17,5
64,18,4
64,19,5
64,20,4
64,21,4
64,22,4
64,23,4
64,24,4
64,25,4
64,26,4
64,27,4
64,28,4
64,29,4
64,30,4
64,31,5
64,32,3
64,33,4
64,34,3
64,35,3
64,36,4
64,37,4
64,38,4
64,39,4
64,40,4
64,41,4
64,42,3
64,43,5
64,44,4
64,45,4
64,46,4
64,47,4
64,48,5
64,49,4
64,50,4
64,51,5
64,52,4
64,53,4
64,54,4
64,55,4
64,56,4
64,57,5
64,58,4
64,59,4
64,60,4
64,61,5
64,62,3
64,63,3
64,64,4
64,65,3
64,66,4
64,67,4
64,68,4
64,69,3
64,70,4
64,71,4
64,72,3
64,73,4
64,74,4
64,75,4
64,76,5
64,77,5
64,78,4
64,79,4
64,80,4
64,81,4
64,82,5
64,83,3
64,84,4
64,85,5
64,86,5
64,87,4
64,88,4
64,89,4
64,90,5
64,91,4
64,92,5
64,93,5
64,94,4
65,1,5
65,2,4
65,3,4
65,4,4
65,5,4
65,6,4
65,7,3
65,8,3
65,9,4
65,10,4
65,11,4
65,12,4
65,13,4
65,14,5
65,15,3
65,16,5
65,17,4
65,18,5
65,19,4
65,20,4
65,21,4
65,22,4
65,23,4
65,24,5
65,25,3
65,26,4
65,27,4
65,28,4
65,29,4
65,30,4
65,31,4
65,32,4
65,33,4
65,34,4
65,35,4
65,36,4
65,37,5
65,38,5
65,39,4
65,40,4
65,41,4
65,42,3
65,43,4
65,44,4
65,45,4
65,46,4
65,47,4
65,48,3
65,49,3
65,50,4
65,51,4
65,52,5
65,53,4
65,54,4
65,55,4
65,56,4
65,57,3
65,58,4
65,59,4
65,60,4
65,61,4
65,62,3
65,63,4
65,64,4
65,65,4
65,66,5
65,67,3
65,68,4
65,69,4
65,70,4
65,71,4
65,72,5
65,73,3
65,74,4
65,75,3
65,76,3
65,77,4
65,78,4
65,79,3
65,80,5
65,81,3
65,82,4
65,83,5
65,84,5
65,85,4
65,86,3
65,87,5
65,88,4
65,89,4
65,90,4
65,91,4
65,92,4
65,93,4
65,94,4
66,1,4
66,2,4
66,3,4
66,4,3
66,5,4
66,6,4
66,7,3
66,8,3
66,9,5
66,10,4
66,11,5
66,12,4
66,13,4
66,14,4
66,15,4
66,16,4
66,17,4
66,18,3
66,19,4
66,20,4
66,21,4
66,22,3
66,23,5
66,24,4
66,25,4
66,26,4
66,27,3
66,28,5
66,29,4
66,30,4
66,31,4
66,32,5
66,33,4
66,34,5
66,35,5
66,36,3
66,37,4
66,38,4
66,39,3
66,40,4
66,41,3
66,42,4
66,43,4
66,44,4
66,45,4
66,46,3
66,47,5
66,48,5
66,49,3
66,50,5
66,51,4
66,52,4
66,53,4
66,54,4
66,55,4
66,56,4
66,57,4
66,58,3
66,59,4
66,60,3
66,61,4
66,62,3
66,63,4
66,64,5
66,65,5
66,66,4
66,67,4
66,68,5
66,69,4
66,70,4
66,71,3
66,72,4
66,73,4
66,74,4
66,75,4
66,76,4
66,77,4
66,78,3
66,79,4
66,80,4
66,81,4
66,82,4
66,83,4
66,84,4
66,85,4
66,86,4
66,87,5
66,88,4
66,89,4
66,90,4
66,91,4
66,92,4
66,93,3
66,94,5
67,1,3
67,2,2
67,3,2
67,4,4
67,5,2
67,6,3
67,7,3
67,8,3
67,9,3
67,10,2
67,11,3
67,12,3
67,13,3
67,14,3
67,15,3
67,16,3
67,17,4
67,18,3
67,19,3
67,20,3
67,21,3
67,22,3
67,23,4
67,24,3
67,25,3
67,26,3
67,27,2
67,28,3
67,29,3
67,30,3
67,31,3
67,32,3
67,33,3
67,34,3
67,35,3
67,36,2
67,37,3
67,38,2
67,39,3
67,40,3
67,41,4
67,42,3
67,43,3
67,44,3
67,45,3
67,46,3
67,47,3
67,48,3
67,49,3
67,50,3
67,51,3
67,52,3
67,53,3
67,54,3
67,55,3
67,56,3
67,57,3
67,58,3
67,59,4
67,60,3
67,61,3
67,62,2
67,63,4
67,64,3
67,65,3
67,66,2
67,67,3
67,68,4
67,69,3
67,70,4
67,71,3
67,72,3
67,73,3
67,74,3
67,75,2
67,76,3
67,77,4
67,78,3
67,79,3
67,80,2
67,81,3
67,82,4
67,83,2
67,84,3
67,85,3
67,86,3
67,87,3
67,88,3
67,89,3
67,90,3
67,91,3
67,92,4
67,93,3
67,94,3
68,1,2
68,2,2
68,3,2
68,4,2
68,5,2
68,6,3
68,7,1
68,8,2
68,9,3
68,10,1
68,11,1
68,12,2
68,13,1
68,14,2
68,15,3
68,16,1
68,17,1
68,18,1
68,19,2
68,20,3
68,21,2
68,22,2
68,23,3
68,24,3
68,25,2
68,26,1
68,27,2
68,28,2
68,29,2
68,30,2
68,31,3
68,32,3
68,33,2
68,34,3
68,35,2
68,36,2
68,37,2
68,38,2
68,39,3
68,40,1
68,41,2
68,42,2
68,43,2
68,44,3
68,45,2
68,46,1
68,47,2
68,48,2
68,49,1
68,50,2
68,51,1
68,52,2
68,53,2
68,54,2
68,55,2
68,56,1
68,57,2
68,58,1
68,59,2
68,60,2
68,61,2
68,62,2
68,63,2
68,64,3
68,65,2
68,66,2
68,67,2
68,68,2
68,69,2
68,70,2
68,71,1
68,72,2
68,73,2
68,74,2
68,75,1
68,76,3
68,77,2
68,78,2
68,79,1
68,80,2
68,81,3
68,82,2
68,83,2
68,84,2
68,85,2
68,86,3
68,87,3
68,88,2
68,89,2
68,90,1
68,91,1
68,92,1
68,93,2
68,94,2
69,1,3
69,2,3
69,3,3
69,4,4
69,5,3
69,6,2
69,7,3
69,8,3
69,9,3
69,10,3
69,11,3
69,12,3
69,13,3
69,14,3
69,15,2
69,16,2
69,17,3
69,18,2
69,19,4
69,20,2
69,21,3
69,22,2
69,23,3
69,24,3
69,25,4
69,26,2
69,27,3
69,28,3
69,29,3
69,30,3
69,31,3
69,32,3
69,33,2
69,34,3
69,35,4
69,36,3
69,37,2
69,38,2
69,39,3
69,40,3
69,41,3
69,42,3
69,43,2
69,44,3
69,45,3
69,46,3
69,47,2
69,48,3
69,49,4
69,50,3
69,51,3
69,52,3
69,53,4
69,54,3
69,55,3
69,56,4
69,57,3
69,58,3
69,59,2
69,60,3
69,61,2
69,62,3
69,63,3
69,64,3
69,65,2
69,66,4
69,67,3
69,68,3
69,69,3
69,70,3
69,71,3
69,72,3
69,73,4
69,74,2
69,75,2
69,76,4
69,77,3
69,78,4
69,79,3
69,80,4
69,81,2
69,82,2
69,83,3
69,84,2
69,85,3
69,86,4
69,87,3
69,88,3
69,89,3
69,90,3
69,91,3
69,92,3
69,93,3
69,94,4
70,1,3
70,2,3
70,3,3
70,4,3
70,5,3
70,6,2
70,7,3
70,8,2
70,9,2
70,10,3
70,11,3
70,12,3
70,13,2
70,14,3
70,15,3
70,16,3
70,17,3
70,18,4
70,19,3
70,20,3
70,21,3
70,22,2
70,23,3
70,24,4
70,25,3
70,26,4
70,27,3
70,28,4
70,29,3
70,30,4
70,31,3
70,32,3
70,33,4
70,34,3
70,35,3
70,36,4
70,37,3
70,38,2
70,39,4
70,40,3
70,41,3
70,42,4
70,43,3
70,44,2
70,45,3
70,46,2
70,47,3
70,48,3
70,49,3
70,50,2
70,51,4
70,52,3
70,53,4
70,54,3
70,55,3
70,56,3
70,57,3
70,58,2
70,59,4
70,60,3
70,61,2
70,62,4
70,63,3
70,64,3
70,65,2
70,66,4
70,67,2
70,68,3
70,69,3
70,70,3
70,71,3
70,72,2
70,73,3
70,74,3
70,75,3
70,76,3
70,77,3
70,78,3
70,79,2
70,80,4
70,81,3
70,82,3
70,83,4
70,84,4
70,85,2
70,86,3
70,87,2
70,88,3
70,89,3
70,90,3
70,91,3
70,92,2
70,93,3
70,94,4
